first_name,last_name,title,category_id,full_name,actor_id,film_id
PENELOPE,GUINESS,ACADEMY DINOSAUR,6,PENELOPE GUINESS,1,1
PENELOPE,GUINESS,ANACONDA CONFESSIONS,2,PENELOPE GUINESS,1,23
PENELOPE,GUINESS,ANGELS LIFE,13,PENELOPE GUINESS,1,25
PENELOPE,GUINESS,BULWORTH COMMANDMENTS,10,PENELOPE GUINESS,1,106
PENELOPE,GUINESS,CHEAPER CLYDE,14,PENELOPE GUINESS,1,140
PENELOPE,GUINESS,COLOR PHILADELPHIA,4,PENELOPE GUINESS,1,166
PENELOPE,GUINESS,ELEPHANT TROJAN,11,PENELOPE GUINESS,1,277
PENELOPE,GUINESS,GLEAMING JAWBREAKER,15,PENELOPE GUINESS,1,361
PENELOPE,GUINESS,HUMAN GRAFFITI,10,PENELOPE GUINESS,1,438
PENELOPE,GUINESS,KING EVOLUTION,8,PENELOPE GUINESS,1,499
PENELOPE,GUINESS,LADY STAGE,11,PENELOPE GUINESS,1,506
PENELOPE,GUINESS,LANGUAGE COWBOY,3,PENELOPE GUINESS,1,509
PENELOPE,GUINESS,MULHOLLAND BEAST,9,PENELOPE GUINESS,1,605
PENELOPE,GUINESS,OKLAHOMA JUMANJI,13,PENELOPE GUINESS,1,635
PENELOPE,GUINESS,RULES HUMAN,11,PENELOPE GUINESS,1,749
PENELOPE,GUINESS,SPLASH GUMP,8,PENELOPE GUINESS,1,832
PENELOPE,GUINESS,VERTIGO NORTHWEST,5,PENELOPE GUINESS,1,939
PENELOPE,GUINESS,WESTWARD SEABISCUIT,4,PENELOPE GUINESS,1,970
PENELOPE,GUINESS,WIZARD COLDBLOODED,12,PENELOPE GUINESS,1,980
NICK,WAHLBERG,ADAPTATION HOLES,6,NICK WAHLBERG,2,3
NICK,WAHLBERG,APACHE DIVINE,8,NICK WAHLBERG,2,31
NICK,WAHLBERG,BABY HALL,9,NICK WAHLBERG,2,47
NICK,WAHLBERG,BULL SHAWSHANK,1,NICK WAHLBERG,2,105
NICK,WAHLBERG,CHAINSAW UPTOWN,14,NICK WAHLBERG,2,132
NICK,WAHLBERG,CHISUM BEHAVIOR,8,NICK WAHLBERG,2,145
NICK,WAHLBERG,DESTINY SATURDAY,13,NICK WAHLBERG,2,226
NICK,WAHLBERG,DRACULA CRYSTAL,4,NICK WAHLBERG,2,249
NICK,WAHLBERG,FIGHT JAWBREAKER,2,NICK WAHLBERG,2,314
NICK,WAHLBERG,FLASH WARS,13,NICK WAHLBERG,2,321
NICK,WAHLBERG,GILBERT PELICAN,4,NICK WAHLBERG,2,357
NICK,WAHLBERG,GOODFELLAS SALUTE,14,NICK WAHLBERG,2,369
NICK,WAHLBERG,HAPPINESS UNITED,9,NICK WAHLBERG,2,399
NICK,WAHLBERG,INDIAN LOVE,8,NICK WAHLBERG,2,458
NICK,WAHLBERG,JEKYLL FROGMEN,13,NICK WAHLBERG,2,481
NICK,WAHLBERG,JERSEY SASSY,3,NICK WAHLBERG,2,485
NICK,WAHLBERG,LIAISONS SWEET,16,NICK WAHLBERG,2,518
NICK,WAHLBERG,LUCKY FLYING,12,NICK WAHLBERG,2,540
NICK,WAHLBERG,MAGUIRE APACHE,8,NICK WAHLBERG,2,550
NICK,WAHLBERG,MALLRATS UNITED,5,NICK WAHLBERG,2,555
NICK,WAHLBERG,MASK PEACH,13,NICK WAHLBERG,2,561
NICK,WAHLBERG,ROOF CHAMPION,10,NICK WAHLBERG,2,742
NICK,WAHLBERG,RUSHMORE MERMAID,5,NICK WAHLBERG,2,754
NICK,WAHLBERG,SMILE EARRING,16,NICK WAHLBERG,2,811
NICK,WAHLBERG,WARDROBE PHANTOM,7,NICK WAHLBERG,2,958
ED,CHASE,ALONE TRIP,12,ED CHASE,3,17
ED,CHASE,ARMY FLINTSTONES,6,ED CHASE,3,40
ED,CHASE,ARTIST COLDBLOODED,15,ED CHASE,3,42
ED,CHASE,BOONDOCK BALLROOM,16,ED CHASE,3,87
ED,CHASE,CADDYSHACK JEDI,1,ED CHASE,3,111
ED,CHASE,COWBOY DOOM,9,ED CHASE,3,185
ED,CHASE,EVE RESURRECTION,13,ED CHASE,3,289
ED,CHASE,FORREST SONS,1,ED CHASE,3,329
ED,CHASE,FRENCH HOLIDAY,6,ED CHASE,3,336
ED,CHASE,FROST HEAD,4,ED CHASE,3,341
ED,CHASE,HALLOWEEN NUTS,6,ED CHASE,3,393
ED,CHASE,HUNTER ALTER,6,ED CHASE,3,441
ED,CHASE,IMAGE PRINCESS,15,ED CHASE,3,453
ED,CHASE,JEEPERS WEDDING,4,ED CHASE,3,480
ED,CHASE,LUCK OPUS,7,ED CHASE,3,539
ED,CHASE,NECKLACE OUTBREAK,7,ED CHASE,3,618
ED,CHASE,PLATOON INSTINCT,13,ED CHASE,3,685
ED,CHASE,SPICE SORORITY,7,ED CHASE,3,827
ED,CHASE,WEDDING APOLLO,6,ED CHASE,3,966
ED,CHASE,WEEKEND PERSONAL,14,ED CHASE,3,967
ED,CHASE,WHALE BIKINI,9,ED CHASE,3,971
ED,CHASE,YOUNG LANGUAGE,6,ED CHASE,3,996
JENNIFER,DAVIS,ANACONDA CONFESSIONS,2,JENNIFER DAVIS,4,23
JENNIFER,DAVIS,ANGELS LIFE,13,JENNIFER DAVIS,4,25
JENNIFER,DAVIS,BAREFOOT MANCHURIAN,1,JENNIFER DAVIS,4,56
JENNIFER,DAVIS,BED HIGHBALL,6,JENNIFER DAVIS,4,62
JENNIFER,DAVIS,BLADE POLISH,7,JENNIFER DAVIS,4,79
JENNIFER,DAVIS,BOONDOCK BALLROOM,16,JENNIFER DAVIS,4,87
JENNIFER,DAVIS,GHOSTBUSTERS ELF,2,JENNIFER DAVIS,4,355
JENNIFER,DAVIS,GREEDY ROOTS,7,JENNIFER DAVIS,4,379
JENNIFER,DAVIS,HANOVER GALAXY,12,JENNIFER DAVIS,4,398
JENNIFER,DAVIS,INSTINCT AIRPORT,15,JENNIFER DAVIS,4,463
JENNIFER,DAVIS,JUMANJI BLADE,13,JENNIFER DAVIS,4,490
JENNIFER,DAVIS,NATIONAL STORY,6,JENNIFER DAVIS,4,616
JENNIFER,DAVIS,OKLAHOMA JUMANJI,13,JENNIFER DAVIS,4,635
JENNIFER,DAVIS,POSEIDON FOREVER,15,JENNIFER DAVIS,4,691
JENNIFER,DAVIS,RAIDERS ANTITRUST,6,JENNIFER DAVIS,4,712
JENNIFER,DAVIS,RANDOM GO,14,JENNIFER DAVIS,4,714
JENNIFER,DAVIS,REDS POCUS,12,JENNIFER DAVIS,4,721
JENNIFER,DAVIS,SILVERADO GOLDFINGER,14,JENNIFER DAVIS,4,798
JENNIFER,DAVIS,SPLASH GUMP,8,JENNIFER DAVIS,4,832
JENNIFER,DAVIS,SUBMARINE BED,5,JENNIFER DAVIS,4,858
JENNIFER,DAVIS,TREASURE COMMAND,11,JENNIFER DAVIS,4,909
JENNIFER,DAVIS,UNFORGIVEN ZOOLANDER,14,JENNIFER DAVIS,4,924
JOHNNY,LOLLOBRIGIDA,AMADEUS HOLY,1,JOHNNY LOLLOBRIGIDA,5,19
JOHNNY,LOLLOBRIGIDA,BANGER PINOCCHIO,12,JOHNNY LOLLOBRIGIDA,5,54
JOHNNY,LOLLOBRIGIDA,BONNIE HOLOCAUST,6,JOHNNY LOLLOBRIGIDA,5,85
JOHNNY,LOLLOBRIGIDA,CHITTY LOCK,7,JOHNNY LOLLOBRIGIDA,5,146
JOHNNY,LOLLOBRIGIDA,COMMANDMENTS EXPRESS,11,JOHNNY LOLLOBRIGIDA,5,171
JOHNNY,LOLLOBRIGIDA,CONEHEADS SMOOCHY,7,JOHNNY LOLLOBRIGIDA,5,172
JOHNNY,LOLLOBRIGIDA,DADDY PITTSBURGH,5,JOHNNY LOLLOBRIGIDA,5,202
JOHNNY,LOLLOBRIGIDA,DAISY MENAGERIE,14,JOHNNY LOLLOBRIGIDA,5,203
JOHNNY,LOLLOBRIGIDA,ENOUGH RAGING,16,JOHNNY LOLLOBRIGIDA,5,286
JOHNNY,LOLLOBRIGIDA,ESCAPE METROPOLIS,16,JOHNNY LOLLOBRIGIDA,5,288
JOHNNY,LOLLOBRIGIDA,FIRE WOLVES,10,JOHNNY LOLLOBRIGIDA,5,316
JOHNNY,LOLLOBRIGIDA,FRONTIER CABIN,13,JOHNNY LOLLOBRIGIDA,5,340
JOHNNY,LOLLOBRIGIDA,GOODFELLAS SALUTE,14,JOHNNY LOLLOBRIGIDA,5,369
JOHNNY,LOLLOBRIGIDA,GRAIL FRANKENSTEIN,1,JOHNNY LOLLOBRIGIDA,5,375
JOHNNY,LOLLOBRIGIDA,GROOVE FICTION,15,JOHNNY LOLLOBRIGIDA,5,383
JOHNNY,LOLLOBRIGIDA,HALL CASSIDY,3,JOHNNY LOLLOBRIGIDA,5,392
JOHNNY,LOLLOBRIGIDA,HEAVENLY GUN,12,JOHNNY LOLLOBRIGIDA,5,411
JOHNNY,LOLLOBRIGIDA,KRAMER CHOCOLATE,15,JOHNNY LOLLOBRIGIDA,5,503
JOHNNY,LOLLOBRIGIDA,LOVE SUICIDES,11,JOHNNY LOLLOBRIGIDA,5,535
JOHNNY,LOLLOBRIGIDA,METAL ARMAGEDDON,6,JOHNNY LOLLOBRIGIDA,5,571
JOHNNY,LOLLOBRIGIDA,PACIFIC AMISTAD,6,JOHNNY LOLLOBRIGIDA,5,650
JOHNNY,LOLLOBRIGIDA,PATTON INTERVIEW,11,JOHNNY LOLLOBRIGIDA,5,665
JOHNNY,LOLLOBRIGIDA,POCUS PULP,6,JOHNNY LOLLOBRIGIDA,5,687
JOHNNY,LOLLOBRIGIDA,RIDGEMONT SUBMARINE,13,JOHNNY LOLLOBRIGIDA,5,730
JOHNNY,LOLLOBRIGIDA,RINGS HEARTBREAKERS,1,JOHNNY LOLLOBRIGIDA,5,732
JOHNNY,LOLLOBRIGIDA,SMILE EARRING,16,JOHNNY LOLLOBRIGIDA,5,811
JOHNNY,LOLLOBRIGIDA,SOLDIERS EVOLUTION,14,JOHNNY LOLLOBRIGIDA,5,817
JOHNNY,LOLLOBRIGIDA,STAR OPERATION,15,JOHNNY LOLLOBRIGIDA,5,841
JOHNNY,LOLLOBRIGIDA,SUNRISE LEAGUE,2,JOHNNY LOLLOBRIGIDA,5,865
BETTE,NICHOLSON,ANTITRUST TOMATOES,1,BETTE NICHOLSON,6,29
BETTE,NICHOLSON,BANG KWAI,8,BETTE NICHOLSON,6,53
BETTE,NICHOLSON,BEAST HUNCHBACK,4,BETTE NICHOLSON,6,60
BETTE,NICHOLSON,BIKINI BORROWERS,2,BETTE NICHOLSON,6,70
BETTE,NICHOLSON,CALENDAR GUNFIGHT,9,BETTE NICHOLSON,6,112
BETTE,NICHOLSON,COAST RAINBOW,6,BETTE NICHOLSON,6,164
BETTE,NICHOLSON,COLDBLOODED DARLING,14,BETTE NICHOLSON,6,165
BETTE,NICHOLSON,CROSSROADS CASUALTIES,2,BETTE NICHOLSON,6,193
BETTE,NICHOLSON,DROP WATERFRONT,15,BETTE NICHOLSON,6,256
BETTE,NICHOLSON,IGBY MAKER,16,BETTE NICHOLSON,6,451
BETTE,NICHOLSON,KRAMER CHOCOLATE,15,BETTE NICHOLSON,6,503
BETTE,NICHOLSON,LANGUAGE COWBOY,3,BETTE NICHOLSON,6,509
BETTE,NICHOLSON,LESSON CLEOPATRA,15,BETTE NICHOLSON,6,517
BETTE,NICHOLSON,LIBERTY MAGNIFICENT,15,BETTE NICHOLSON,6,519
BETTE,NICHOLSON,MULHOLLAND BEAST,9,BETTE NICHOLSON,6,605
BETTE,NICHOLSON,POTLUCK MIXED,2,BETTE NICHOLSON,6,692
BETTE,NICHOLSON,SPEED SUIT,16,BETTE NICHOLSON,6,826
BETTE,NICHOLSON,TITANIC BOONDOCK,2,BETTE NICHOLSON,6,892
BETTE,NICHOLSON,TRADING PINOCCHIO,15,BETTE NICHOLSON,6,902
BETTE,NICHOLSON,WYOMING STORM,13,BETTE NICHOLSON,6,994
GRACE,MOSTEL,ANGELS LIFE,13,GRACE MOSTEL,7,25
GRACE,MOSTEL,ANONYMOUS HUMAN,15,GRACE MOSTEL,7,27
GRACE,MOSTEL,ARACHNOPHOBIA ROLLERCOASTER,11,GRACE MOSTEL,7,35
GRACE,MOSTEL,BERETS AGENT,1,GRACE MOSTEL,7,67
GRACE,MOSTEL,BREAKING HOME,13,GRACE MOSTEL,7,96
GRACE,MOSTEL,COMMAND DARLING,9,GRACE MOSTEL,7,170
GRACE,MOSTEL,CONFESSIONS MAGUIRE,7,GRACE MOSTEL,7,173
GRACE,MOSTEL,DAZED PUNK,10,GRACE MOSTEL,7,217
GRACE,MOSTEL,DECEIVER BETRAYED,7,GRACE MOSTEL,7,218
GRACE,MOSTEL,DESTINATION JERK,7,GRACE MOSTEL,7,225
GRACE,MOSTEL,EXCITEMENT EVE,1,GRACE MOSTEL,7,292
GRACE,MOSTEL,GASLIGHT CRUSADE,11,GRACE MOSTEL,7,351
GRACE,MOSTEL,HELLFIGHTERS SIERRA,9,GRACE MOSTEL,7,414
GRACE,MOSTEL,INSTINCT AIRPORT,15,GRACE MOSTEL,7,463
GRACE,MOSTEL,MALKOVICH PET,4,GRACE MOSTEL,7,554
GRACE,MOSTEL,NECKLACE OUTBREAK,7,GRACE MOSTEL,7,618
GRACE,MOSTEL,OCTOBER SUBMARINE,4,GRACE MOSTEL,7,633
GRACE,MOSTEL,OPEN AFRICAN,14,GRACE MOSTEL,7,637
GRACE,MOSTEL,POSEIDON FOREVER,15,GRACE MOSTEL,7,691
GRACE,MOSTEL,SAINTS BRIDE,7,GRACE MOSTEL,7,758
GRACE,MOSTEL,SAVANNAH TOWN,7,GRACE MOSTEL,7,766
GRACE,MOSTEL,SCISSORHANDS SLUMS,9,GRACE MOSTEL,7,770
GRACE,MOSTEL,SLEEPLESS MONSOON,2,GRACE MOSTEL,7,805
GRACE,MOSTEL,SLEEPY JAPANESE,13,GRACE MOSTEL,7,806
GRACE,MOSTEL,STING PERSONAL,13,GRACE MOSTEL,7,846
GRACE,MOSTEL,TOWN ARK,9,GRACE MOSTEL,7,900
GRACE,MOSTEL,TRACY CIDER,2,GRACE MOSTEL,7,901
GRACE,MOSTEL,TREATMENT JEKYLL,7,GRACE MOSTEL,7,910
GRACE,MOSTEL,WAR NOTTING,9,GRACE MOSTEL,7,957
GRACE,MOSTEL,WARLOCK WEREWOLF,3,GRACE MOSTEL,7,959
MATTHEW,JOHANSSON,BABY HALL,9,MATTHEW JOHANSSON,8,47
MATTHEW,JOHANSSON,CAMPUS REMEMBER,1,MATTHEW JOHANSSON,8,115
MATTHEW,JOHANSSON,CLONES PINOCCHIO,12,MATTHEW JOHANSSON,8,158
MATTHEW,JOHANSSON,CONQUERER NUTS,7,MATTHEW JOHANSSON,8,179
MATTHEW,JOHANSSON,CROWDS TELEMARK,14,MATTHEW JOHANSSON,8,195
MATTHEW,JOHANSSON,DANCES NONE,1,MATTHEW JOHANSSON,8,205
MATTHEW,JOHANSSON,DRIVING POLISH,12,MATTHEW JOHANSSON,8,255
MATTHEW,JOHANSSON,DURHAM PANKY,15,MATTHEW JOHANSSON,8,263
MATTHEW,JOHANSSON,FLASH WARS,13,MATTHEW JOHANSSON,8,321
MATTHEW,JOHANSSON,HANGING DEEP,7,MATTHEW JOHANSSON,8,396
MATTHEW,JOHANSSON,INDIAN LOVE,8,MATTHEW JOHANSSON,8,458
MATTHEW,JOHANSSON,LIGHTS DEER,4,MATTHEW JOHANSSON,8,523
MATTHEW,JOHANSSON,LOSER HUSTLER,15,MATTHEW JOHANSSON,8,532
MATTHEW,JOHANSSON,MALKOVICH PET,4,MATTHEW JOHANSSON,8,554
MATTHEW,JOHANSSON,RUNNER MADIGAN,12,MATTHEW JOHANSSON,8,752
MATTHEW,JOHANSSON,SCHOOL JACKET,9,MATTHEW JOHANSSON,8,769
MATTHEW,JOHANSSON,SCORPION APOLLO,7,MATTHEW JOHANSSON,8,771
MATTHEW,JOHANSSON,SUGAR WONKA,2,MATTHEW JOHANSSON,8,859
MATTHEW,JOHANSSON,TOMORROW HUSTLER,4,MATTHEW JOHANSSON,8,895
MATTHEW,JOHANSSON,VANISHING ROCKY,12,MATTHEW JOHANSSON,8,936
JOE,SWANK,ANYTHING SAVANNAH,11,JOE SWANK,9,30
JOE,SWANK,BIRCH ANTITRUST,12,JOE SWANK,9,74
JOE,SWANK,CHOCOLAT HARRY,8,JOE SWANK,9,147
JOE,SWANK,CHOCOLATE DUCK,9,JOE SWANK,9,148
JOE,SWANK,CROOKED FROGMEN,3,JOE SWANK,9,191
JOE,SWANK,CURTAIN VIDEOTAPE,10,JOE SWANK,9,200
JOE,SWANK,DALMATIONS SWEDEN,7,JOE SWANK,9,204
JOE,SWANK,HORROR REIGN,16,JOE SWANK,9,434
JOE,SWANK,LAWLESS VISION,2,JOE SWANK,9,510
JOE,SWANK,LEBOWSKI SOLDIERS,7,JOE SWANK,9,514
JOE,SWANK,MAJESTIC FLOATS,6,JOE SWANK,9,552
JOE,SWANK,PACIFIC AMISTAD,6,JOE SWANK,9,650
JOE,SWANK,PERDITION FARGO,15,JOE SWANK,9,671
JOE,SWANK,PRIMARY GLASS,1,JOE SWANK,9,697
JOE,SWANK,REEF SALUTE,11,JOE SWANK,9,722
JOE,SWANK,RUNNER MADIGAN,12,JOE SWANK,9,752
JOE,SWANK,SMILE EARRING,16,JOE SWANK,9,811
JOE,SWANK,SNATCHERS MONTEZUMA,4,JOE SWANK,9,815
JOE,SWANK,SUNRISE LEAGUE,2,JOE SWANK,9,865
JOE,SWANK,SWEETHEARTS SUSPECTS,3,JOE SWANK,9,873
JOE,SWANK,TIES HUNGER,3,JOE SWANK,9,889
JOE,SWANK,TRAFFIC HOBBIT,16,JOE SWANK,9,903
JOE,SWANK,UNTOUCHABLES SUNRISE,6,JOE SWANK,9,926
JOE,SWANK,WATERFRONT DELIVERANCE,1,JOE SWANK,9,964
JOE,SWANK,WILD APOLLO,13,JOE SWANK,9,974
CHRISTIAN,GABLE,ACADEMY DINOSAUR,6,CHRISTIAN GABLE,10,1
CHRISTIAN,GABLE,ALABAMA DEVIL,11,CHRISTIAN GABLE,10,9
CHRISTIAN,GABLE,CROOKED FROGMEN,3,CHRISTIAN GABLE,10,191
CHRISTIAN,GABLE,DIVINE RESURRECTION,10,CHRISTIAN GABLE,10,236
CHRISTIAN,GABLE,DRAGONFLY STRANGERS,13,CHRISTIAN GABLE,10,251
CHRISTIAN,GABLE,GOLDFINGER SENSIBILITY,7,CHRISTIAN GABLE,10,366
CHRISTIAN,GABLE,JAWBREAKER BROOKLYN,12,CHRISTIAN GABLE,10,477
CHRISTIAN,GABLE,JEEPERS WEDDING,4,CHRISTIAN GABLE,10,480
CHRISTIAN,GABLE,LIFE TWISTED,5,CHRISTIAN GABLE,10,522
CHRISTIAN,GABLE,LORD ARIZONA,1,CHRISTIAN GABLE,10,530
CHRISTIAN,GABLE,MOD SECRETARY,6,CHRISTIAN GABLE,10,587
CHRISTIAN,GABLE,PREJUDICE OLEANDER,4,CHRISTIAN GABLE,10,694
CHRISTIAN,GABLE,PUNK DIVORCE,2,CHRISTIAN GABLE,10,703
CHRISTIAN,GABLE,REAP UNFAITHFUL,11,CHRISTIAN GABLE,10,716
CHRISTIAN,GABLE,SHAKESPEARE SADDLE,15,CHRISTIAN GABLE,10,782
CHRISTIAN,GABLE,TROUBLE DATE,16,CHRISTIAN GABLE,10,914
CHRISTIAN,GABLE,USUAL UNTOUCHABLES,9,CHRISTIAN GABLE,10,929
CHRISTIAN,GABLE,VACATION BOONDOCK,14,CHRISTIAN GABLE,10,930
CHRISTIAN,GABLE,WATERFRONT DELIVERANCE,1,CHRISTIAN GABLE,10,964
CHRISTIAN,GABLE,WEDDING APOLLO,6,CHRISTIAN GABLE,10,966
CHRISTIAN,GABLE,WIZARD COLDBLOODED,12,CHRISTIAN GABLE,10,980
CHRISTIAN,GABLE,WON DARES,12,CHRISTIAN GABLE,10,983
ZERO,CAGE,CANYON STOCK,2,ZERO CAGE,11,118
ZERO,CAGE,DANCES NONE,1,ZERO CAGE,11,205
ZERO,CAGE,ENCINO ELF,10,ZERO CAGE,11,281
ZERO,CAGE,ENDING CROWDS,13,ZERO CAGE,11,283
ZERO,CAGE,GANDHI KWAI,8,ZERO CAGE,11,348
ZERO,CAGE,GODFATHER DIARY,13,ZERO CAGE,11,364
ZERO,CAGE,HANDICAP BOONDOCK,1,ZERO CAGE,11,395
ZERO,CAGE,HONEY TIES,15,ZERO CAGE,11,429
ZERO,CAGE,HORN WORKING,2,ZERO CAGE,11,433
ZERO,CAGE,IMAGE PRINCESS,15,ZERO CAGE,11,453
ZERO,CAGE,JERSEY SASSY,3,ZERO CAGE,11,485
ZERO,CAGE,LOSER HUSTLER,15,ZERO CAGE,11,532
ZERO,CAGE,MEET CHOCOLATE,9,ZERO CAGE,11,567
ZERO,CAGE,MOD SECRETARY,6,ZERO CAGE,11,587
ZERO,CAGE,MOONWALKER FOOL,10,ZERO CAGE,11,597
ZERO,CAGE,OLEANDER CLUE,12,ZERO CAGE,11,636
ZERO,CAGE,RACER EGG,7,ZERO CAGE,11,709
ZERO,CAGE,STORY SIDE,1,ZERO CAGE,11,850
ZERO,CAGE,STRANGERS GRAFFITI,11,ZERO CAGE,11,854
ZERO,CAGE,THIN SAGEBRUSH,6,ZERO CAGE,11,888
ZERO,CAGE,TOOTSIE PILOT,3,ZERO CAGE,11,896
ZERO,CAGE,UPTOWN YOUNG,3,ZERO CAGE,11,928
ZERO,CAGE,VELVET TERMINATOR,5,ZERO CAGE,11,938
ZERO,CAGE,WEST LION,7,ZERO CAGE,11,969
ZERO,CAGE,WORKER TARZAN,16,ZERO CAGE,11,988
KARL,BERRY,ALLEY EVOLUTION,9,KARL BERRY,12,16
KARL,BERRY,ALONE TRIP,12,KARL BERRY,12,17
KARL,BERRY,ARABIA DOGMA,11,KARL BERRY,12,34
KARL,BERRY,ARIZONA BANG,4,KARL BERRY,12,37
KARL,BERRY,BOUND CHEAPER,4,KARL BERRY,12,91
KARL,BERRY,BOWFINGER GABLES,11,KARL BERRY,12,92
KARL,BERRY,BUNCH MINDS,7,KARL BERRY,12,107
KARL,BERRY,CLEOPATRA DEVIL,13,KARL BERRY,12,155
KARL,BERRY,CONNECTICUT TRAMP,14,KARL BERRY,12,177
KARL,BERRY,DARES PLUTO,2,KARL BERRY,12,208
KARL,BERRY,DATE SPEED,8,KARL BERRY,12,213
KARL,BERRY,DAY UNFAITHFUL,13,KARL BERRY,12,216
KARL,BERRY,DOORS PRESIDENT,2,KARL BERRY,12,243
KARL,BERRY,FURY MURDER,3,KARL BERRY,12,344
KARL,BERRY,HARDLY ROBBERS,6,KARL BERRY,12,400
KARL,BERRY,HIGHBALL POTTER,9,KARL BERRY,12,416
KARL,BERRY,HOLES BRANNIGAN,15,KARL BERRY,12,420
KARL,BERRY,INDEPENDENCE HOTEL,6,KARL BERRY,12,457
KARL,BERRY,LEATHERNECKS DWARFS,16,KARL BERRY,12,513
KARL,BERRY,LUCKY FLYING,12,KARL BERRY,12,540
KARL,BERRY,MONTEREY LABYRINTH,11,KARL BERRY,12,593
KARL,BERRY,NOVOCAINE FLIGHT,15,KARL BERRY,12,631
KARL,BERRY,OKLAHOMA JUMANJI,13,KARL BERRY,12,635
KARL,BERRY,PERFECT GROOVE,5,KARL BERRY,12,672
KARL,BERRY,REAP UNFAITHFUL,11,KARL BERRY,12,716
KARL,BERRY,REUNION WITCHES,7,KARL BERRY,12,728
KARL,BERRY,SMOKING BARBARELLA,6,KARL BERRY,12,812
KARL,BERRY,STAGECOACH ARMAGEDDON,1,KARL BERRY,12,838
KARL,BERRY,SWEDEN SHINING,5,KARL BERRY,12,871
KARL,BERRY,TELEMARK HEARTBREAKERS,2,KARL BERRY,12,880
KARL,BERRY,VIRGINIAN PLUTO,6,KARL BERRY,12,945
UMA,WOOD,ALONE TRIP,12,UMA WOOD,13,17
UMA,WOOD,ANTITRUST TOMATOES,1,UMA WOOD,13,29
UMA,WOOD,ATTRACTION NEWTON,13,UMA WOOD,13,45
UMA,WOOD,BOONDOCK BALLROOM,16,UMA WOOD,13,87
UMA,WOOD,CABIN FLASH,3,UMA WOOD,13,110
UMA,WOOD,CHINATOWN GLADIATOR,13,UMA WOOD,13,144
UMA,WOOD,CLASH FREDDY,2,UMA WOOD,13,154
UMA,WOOD,CLUELESS BUCKET,1,UMA WOOD,13,162
UMA,WOOD,DAISY MENAGERIE,14,UMA WOOD,13,203
UMA,WOOD,DRIVER ANNIE,15,UMA WOOD,13,254
UMA,WOOD,FRIDA SLIPPER,9,UMA WOOD,13,337
UMA,WOOD,GALAXY SWEETHEARTS,4,UMA WOOD,13,346
UMA,WOOD,GRINCH MASSAGE,10,UMA WOOD,13,381
UMA,WOOD,GROUNDHOG UNCUT,5,UMA WOOD,13,385
UMA,WOOD,HOMEWARD CIDER,6,UMA WOOD,13,427
UMA,WOOD,INCH JET,2,UMA WOOD,13,456
UMA,WOOD,LEATHERNECKS DWARFS,16,UMA WOOD,13,513
UMA,WOOD,LEGALLY SECRETARY,3,UMA WOOD,13,515
UMA,WOOD,LIFE TWISTED,5,UMA WOOD,13,522
UMA,WOOD,LION UNCUT,5,UMA WOOD,13,524
UMA,WOOD,LOLITA WORLD,8,UMA WOOD,13,528
UMA,WOOD,METAL ARMAGEDDON,6,UMA WOOD,13,571
UMA,WOOD,MODEL FISH,3,UMA WOOD,13,588
UMA,WOOD,MOONWALKER FOOL,10,UMA WOOD,13,597
UMA,WOOD,MOTIONS DETAILS,11,UMA WOOD,13,600
UMA,WOOD,REBEL AIRPORT,12,UMA WOOD,13,718
UMA,WOOD,RIDER CADDYSHACK,15,UMA WOOD,13,729
UMA,WOOD,SNOWMAN ROLLERCOASTER,2,UMA WOOD,13,816
UMA,WOOD,SOLDIERS EVOLUTION,14,UMA WOOD,13,817
UMA,WOOD,SPLASH GUMP,8,UMA WOOD,13,832
UMA,WOOD,SPLENDOR PATTON,3,UMA WOOD,13,833
UMA,WOOD,STEEL SANTA,4,UMA WOOD,13,843
UMA,WOOD,TORQUE BOUND,7,UMA WOOD,13,897
UMA,WOOD,WEDDING APOLLO,6,UMA WOOD,13,966
UMA,WOOD,ZHIVAGO CORE,11,UMA WOOD,13,998
VIVIEN,BERGEN,CLASH FREDDY,2,VIVIEN BERGEN,14,154
VIVIEN,BERGEN,CRANES RESERVOIR,15,VIVIEN BERGEN,14,187
VIVIEN,BERGEN,DIRTY ACE,10,VIVIEN BERGEN,14,232
VIVIEN,BERGEN,DONNIE ALLEY,2,VIVIEN BERGEN,14,241
VIVIEN,BERGEN,DRIFTER COMMANDMENTS,1,VIVIEN BERGEN,14,253
VIVIEN,BERGEN,DRIVING POLISH,12,VIVIEN BERGEN,14,255
VIVIEN,BERGEN,DRUMS DYNAMITE,11,VIVIEN BERGEN,14,258
VIVIEN,BERGEN,ENEMY ODDS,12,VIVIEN BERGEN,14,284
VIVIEN,BERGEN,EXCITEMENT EVE,1,VIVIEN BERGEN,14,292
VIVIEN,BERGEN,GORGEOUS BINGO,3,VIVIEN BERGEN,14,370
VIVIEN,BERGEN,HIGH ENCINO,11,VIVIEN BERGEN,14,415
VIVIEN,BERGEN,HILLS NEIGHBORS,1,VIVIEN BERGEN,14,417
VIVIEN,BERGEN,HOBBIT ALIEN,7,VIVIEN BERGEN,14,418
VIVIEN,BERGEN,IMPACT ALADDIN,12,VIVIEN BERGEN,14,454
VIVIEN,BERGEN,ITALIAN AFRICAN,16,VIVIEN BERGEN,14,472
VIVIEN,BERGEN,JAPANESE RUN,11,VIVIEN BERGEN,14,475
VIVIEN,BERGEN,KENTUCKIAN GIANT,11,VIVIEN BERGEN,14,495
VIVIEN,BERGEN,LOVELY JINGLE,4,VIVIEN BERGEN,14,536
VIVIEN,BERGEN,LOVER TRUMAN,4,VIVIEN BERGEN,14,537
VIVIEN,BERGEN,MUSSOLINI SPOILERS,15,VIVIEN BERGEN,14,612
VIVIEN,BERGEN,POLISH BROOKLYN,3,VIVIEN BERGEN,14,688
VIVIEN,BERGEN,SALUTE APOLLO,13,VIVIEN BERGEN,14,759
VIVIEN,BERGEN,SATURDAY LAMBS,15,VIVIEN BERGEN,14,764
VIVIEN,BERGEN,STOCK GLASS,13,VIVIEN BERGEN,14,847
VIVIEN,BERGEN,STREETCAR INTENTIONS,11,VIVIEN BERGEN,14,856
VIVIEN,BERGEN,TIGHTS DAWN,15,VIVIEN BERGEN,14,890
VIVIEN,BERGEN,TRAP GUYS,9,VIVIEN BERGEN,14,908
VIVIEN,BERGEN,TYCOON GATHERING,10,VIVIEN BERGEN,14,919
VIVIEN,BERGEN,VOICE PEACH,13,VIVIEN BERGEN,14,948
VIVIEN,BERGEN,WESTWARD SEABISCUIT,4,VIVIEN BERGEN,14,970
CUBA,OLIVIER,APACHE DIVINE,8,CUBA OLIVIER,15,31
CUBA,OLIVIER,BORROWERS BEDAZZLED,2,CUBA OLIVIER,15,89
CUBA,OLIVIER,BOUND CHEAPER,4,CUBA OLIVIER,15,91
CUBA,OLIVIER,BUTCH PANTHER,13,CUBA OLIVIER,15,108
CUBA,OLIVIER,CASSIDY WYOMING,16,CUBA OLIVIER,15,125
CUBA,OLIVIER,DIVINE RESURRECTION,10,CUBA OLIVIER,15,236
CUBA,OLIVIER,EGYPT TENENBAUMS,11,CUBA OLIVIER,15,275
CUBA,OLIVIER,EMPIRE MALKOVICH,3,CUBA OLIVIER,15,280
CUBA,OLIVIER,FLYING HOOK,2,CUBA OLIVIER,15,326
CUBA,OLIVIER,FUGITIVE MAGUIRE,16,CUBA OLIVIER,15,342
CUBA,OLIVIER,HELLFIGHTERS SIERRA,9,CUBA OLIVIER,15,414
CUBA,OLIVIER,HYDE DOCTOR,4,CUBA OLIVIER,15,445
CUBA,OLIVIER,KISS GLORY,9,CUBA OLIVIER,15,500
CUBA,OLIVIER,KNOCK WARLOCK,5,CUBA OLIVIER,15,502
CUBA,OLIVIER,LUKE MUMMY,2,CUBA OLIVIER,15,541
CUBA,OLIVIER,MAKER GABLES,3,CUBA OLIVIER,15,553
CUBA,OLIVIER,MONTEZUMA COMMAND,1,CUBA OLIVIER,15,594
CUBA,OLIVIER,NOON PAPI,3,CUBA OLIVIER,15,626
CUBA,OLIVIER,OKLAHOMA JUMANJI,13,CUBA OLIVIER,15,635
CUBA,OLIVIER,ROSES TREASURE,15,CUBA OLIVIER,15,745
CUBA,OLIVIER,SHANE DARKNESS,16,CUBA OLIVIER,15,783
CUBA,OLIVIER,SIEGE MADRE,8,CUBA OLIVIER,15,795
CUBA,OLIVIER,SOLDIERS EVOLUTION,14,CUBA OLIVIER,15,817
CUBA,OLIVIER,THEORY MERMAID,2,CUBA OLIVIER,15,886
CUBA,OLIVIER,UNFORGIVEN ZOOLANDER,14,CUBA OLIVIER,15,924
CUBA,OLIVIER,VOLCANO TEXAS,10,CUBA OLIVIER,15,949
CUBA,OLIVIER,WEREWOLF LOLA,1,CUBA OLIVIER,15,968
CUBA,OLIVIER,WONDERLAND CHRISTMAS,14,CUBA OLIVIER,15,985
FRED,COSTNER,BLANKET BEVERLY,8,FRED COSTNER,16,80
FRED,COSTNER,BOONDOCK BALLROOM,16,FRED COSTNER,16,87
FRED,COSTNER,BROTHERHOOD BLANKET,6,FRED COSTNER,16,101
FRED,COSTNER,CAROL TEXAS,2,FRED COSTNER,16,121
FRED,COSTNER,CLEOPATRA DEVIL,13,FRED COSTNER,16,155
FRED,COSTNER,CONNECTICUT TRAMP,14,FRED COSTNER,16,177
FRED,COSTNER,DECEIVER BETRAYED,7,FRED COSTNER,16,218
FRED,COSTNER,DELIVERANCE MULHOLLAND,6,FRED COSTNER,16,221
FRED,COSTNER,EAGLES PANKY,13,FRED COSTNER,16,267
FRED,COSTNER,EARRING INSTINCT,8,FRED COSTNER,16,269
FRED,COSTNER,EASY GLADIATOR,1,FRED COSTNER,16,271
FRED,COSTNER,EMPIRE MALKOVICH,3,FRED COSTNER,16,280
FRED,COSTNER,ENTRAPMENT SATISFACTION,1,FRED COSTNER,16,287
FRED,COSTNER,GABLES METROPOLIS,8,FRED COSTNER,16,345
FRED,COSTNER,HUMAN GRAFFITI,10,FRED COSTNER,16,438
FRED,COSTNER,IMAGE PRINCESS,15,FRED COSTNER,16,453
FRED,COSTNER,IMPOSSIBLE PREJUDICE,9,FRED COSTNER,16,455
FRED,COSTNER,INCH JET,2,FRED COSTNER,16,456
FRED,COSTNER,KRAMER CHOCOLATE,15,FRED COSTNER,16,503
FRED,COSTNER,MAGNIFICENT CHITTY,4,FRED COSTNER,16,548
FRED,COSTNER,MIRACLE VIRTUAL,2,FRED COSTNER,16,582
FRED,COSTNER,MISSION ZOOLANDER,2,FRED COSTNER,16,583
FRED,COSTNER,REAR TRADING,1,FRED COSTNER,16,717
FRED,COSTNER,SAINTS BRIDE,7,FRED COSTNER,16,758
FRED,COSTNER,SENSE GREEK,15,FRED COSTNER,16,779
FRED,COSTNER,THEORY MERMAID,2,FRED COSTNER,16,886
FRED,COSTNER,WEEKEND PERSONAL,14,FRED COSTNER,16,967
HELEN,VOIGHT,BREAKING HOME,13,HELEN VOIGHT,17,96
HELEN,VOIGHT,CAPER MOTIONS,5,HELEN VOIGHT,17,119
HELEN,VOIGHT,CASPER DRAGONFLY,3,HELEN VOIGHT,17,124
HELEN,VOIGHT,CAT CONEHEADS,5,HELEN VOIGHT,17,127
HELEN,VOIGHT,CLASH FREDDY,2,HELEN VOIGHT,17,154
HELEN,VOIGHT,CUPBOARD SINNERS,6,HELEN VOIGHT,17,199
HELEN,VOIGHT,CYCLONE FAMILY,9,HELEN VOIGHT,17,201
HELEN,VOIGHT,DIVINE RESURRECTION,10,HELEN VOIGHT,17,236
HELEN,VOIGHT,EMPIRE MALKOVICH,3,HELEN VOIGHT,17,280
HELEN,VOIGHT,FEVER EMPIRE,10,HELEN VOIGHT,17,310
HELEN,VOIGHT,FIDELITY DEVIL,11,HELEN VOIGHT,17,313
HELEN,VOIGHT,GREATEST NORTH,12,HELEN VOIGHT,17,378
HELEN,VOIGHT,INDEPENDENCE HOTEL,6,HELEN VOIGHT,17,457
HELEN,VOIGHT,IRON MOON,4,HELEN VOIGHT,17,469
HELEN,VOIGHT,JAWS HARRY,5,HELEN VOIGHT,17,478
HELEN,VOIGHT,KISS GLORY,9,HELEN VOIGHT,17,500
HELEN,VOIGHT,LEGALLY SECRETARY,3,HELEN VOIGHT,17,515
HELEN,VOIGHT,LIES TREATMENT,7,HELEN VOIGHT,17,521
HELEN,VOIGHT,MICROCOSMOS PARADISE,3,HELEN VOIGHT,17,573
HELEN,VOIGHT,MOVIE SHAKESPEARE,8,HELEN VOIGHT,17,603
HELEN,VOIGHT,MUMMY CREATURES,15,HELEN VOIGHT,17,606
HELEN,VOIGHT,ROAD ROXANNE,6,HELEN VOIGHT,17,734
HELEN,VOIGHT,SCISSORHANDS SLUMS,9,HELEN VOIGHT,17,770
HELEN,VOIGHT,SIDE ARK,1,HELEN VOIGHT,17,794
HELEN,VOIGHT,SINNERS ATLANTIS,11,HELEN VOIGHT,17,800
HELEN,VOIGHT,STRANGER STRANGERS,3,HELEN VOIGHT,17,853
HELEN,VOIGHT,SWEETHEARTS SUSPECTS,3,HELEN VOIGHT,17,873
HELEN,VOIGHT,TADPOLE PARK,4,HELEN VOIGHT,17,874
HELEN,VOIGHT,TELEMARK HEARTBREAKERS,2,HELEN VOIGHT,17,880
HELEN,VOIGHT,VOICE PEACH,13,HELEN VOIGHT,17,948
HELEN,VOIGHT,WAR NOTTING,9,HELEN VOIGHT,17,957
HELEN,VOIGHT,WARLOCK WEREWOLF,3,HELEN VOIGHT,17,959
DAN,TORN,ATTACKS HATE,14,DAN TORN,18,44
DAN,TORN,BOILED DARES,16,DAN TORN,18,84
DAN,TORN,CHINATOWN GLADIATOR,13,DAN TORN,18,144
DAN,TORN,CONEHEADS SMOOCHY,7,DAN TORN,18,172
DAN,TORN,EARLY HOME,2,DAN TORN,18,268
DAN,TORN,ELIZABETH SHANE,15,DAN TORN,18,279
DAN,TORN,EMPIRE MALKOVICH,3,DAN TORN,18,280
DAN,TORN,FLASH WARS,13,DAN TORN,18,321
DAN,TORN,GUMP DATE,16,DAN TORN,18,386
DAN,TORN,INNOCENT USUAL,9,DAN TORN,18,460
DAN,TORN,INSIDER ARIZONA,12,DAN TORN,18,462
DAN,TORN,JERK PAYCHECK,4,DAN TORN,18,484
DAN,TORN,LOVELY JINGLE,4,DAN TORN,18,536
DAN,TORN,MASK PEACH,13,DAN TORN,18,561
DAN,TORN,MUSSOLINI SPOILERS,15,DAN TORN,18,612
DAN,TORN,REAR TRADING,1,DAN TORN,18,717
DAN,TORN,SLING LUKE,4,DAN TORN,18,808
DAN,TORN,STATE WASTELAND,10,DAN TORN,18,842
DAN,TORN,SUN CONFESSIONS,14,DAN TORN,18,863
DAN,TORN,TEQUILA PAST,3,DAN TORN,18,883
DAN,TORN,TUXEDO MILE,15,DAN TORN,18,917
DAN,TORN,VIRGIN DAISY,7,DAN TORN,18,944
BOB,FAWCETT,ACE GOLDFINGER,11,BOB FAWCETT,19,2
BOB,FAWCETT,ADAPTATION HOLES,6,BOB FAWCETT,19,3
BOB,FAWCETT,CHINATOWN GLADIATOR,13,BOB FAWCETT,19,144
BOB,FAWCETT,CIRCUS YOUTH,3,BOB FAWCETT,19,152
BOB,FAWCETT,CONTROL ANTHEM,5,BOB FAWCETT,19,182
BOB,FAWCETT,DARES PLUTO,2,BOB FAWCETT,19,208
BOB,FAWCETT,DARN FORRESTER,1,BOB FAWCETT,19,212
BOB,FAWCETT,DAZED PUNK,10,BOB FAWCETT,19,217
BOB,FAWCETT,DYNAMITE TARZAN,4,BOB FAWCETT,19,266
BOB,FAWCETT,HATE HANDICAP,5,BOB FAWCETT,19,404
BOB,FAWCETT,HOMICIDE PEACH,8,BOB FAWCETT,19,428
BOB,FAWCETT,JACKET FRISCO,7,BOB FAWCETT,19,473
BOB,FAWCETT,JUMANJI BLADE,13,BOB FAWCETT,19,490
BOB,FAWCETT,LAWLESS VISION,2,BOB FAWCETT,19,510
BOB,FAWCETT,LEATHERNECKS DWARFS,16,BOB FAWCETT,19,513
BOB,FAWCETT,OSCAR GOLD,2,BOB FAWCETT,19,644
BOB,FAWCETT,PELICAN COMFORTS,6,BOB FAWCETT,19,670
BOB,FAWCETT,PERSONAL LADYBUGS,12,BOB FAWCETT,19,673
BOB,FAWCETT,RAGING AIRPLANE,14,BOB FAWCETT,19,711
BOB,FAWCETT,RUN PACIFIC,13,BOB FAWCETT,19,750
BOB,FAWCETT,RUNNER MADIGAN,12,BOB FAWCETT,19,752
BOB,FAWCETT,SADDLE ANTITRUST,5,BOB FAWCETT,19,756
BOB,FAWCETT,SCORPION APOLLO,7,BOB FAWCETT,19,771
BOB,FAWCETT,SHAWSHANK BUBBLE,16,BOB FAWCETT,19,785
BOB,FAWCETT,TAXI KICK,12,BOB FAWCETT,19,877
LUCILLE,TRACY,ACADEMY DINOSAUR,6,LUCILLE TRACY,20,1
LUCILLE,TRACY,BANGER PINOCCHIO,12,LUCILLE TRACY,20,54
LUCILLE,TRACY,BEDAZZLED MARRIED,8,LUCILLE TRACY,20,63
LUCILLE,TRACY,CHEAPER CLYDE,14,LUCILLE TRACY,20,140
LUCILLE,TRACY,CHITTY LOCK,7,LUCILLE TRACY,20,146
LUCILLE,TRACY,COLDBLOODED DARLING,14,LUCILLE TRACY,20,165
LUCILLE,TRACY,DINOSAUR SECRETARY,8,LUCILLE TRACY,20,231
LUCILLE,TRACY,DOORS PRESIDENT,2,LUCILLE TRACY,20,243
LUCILLE,TRACY,EARRING INSTINCT,8,LUCILLE TRACY,20,269
LUCILLE,TRACY,EGG IGBY,6,LUCILLE TRACY,20,274
LUCILLE,TRACY,GANDHI KWAI,8,LUCILLE TRACY,20,348
LUCILLE,TRACY,GOLDFINGER SENSIBILITY,7,LUCILLE TRACY,20,366
LUCILLE,TRACY,HYDE DOCTOR,4,LUCILLE TRACY,20,445
LUCILLE,TRACY,JAWS HARRY,5,LUCILLE TRACY,20,478
LUCILLE,TRACY,JUNGLE CLOSER,13,LUCILLE TRACY,20,492
LUCILLE,TRACY,KING EVOLUTION,8,LUCILLE TRACY,20,499
LUCILLE,TRACY,LOLA AGENT,11,LUCILLE TRACY,20,527
LUCILLE,TRACY,LOSE INCH,9,LUCILLE TRACY,20,531
LUCILLE,TRACY,LOVERBOY ATTACKS,13,LUCILLE TRACY,20,538
LUCILLE,TRACY,MODERN DORADO,6,LUCILLE TRACY,20,589
LUCILLE,TRACY,ORIENT CLOSER,7,LUCILLE TRACY,20,643
LUCILLE,TRACY,PAJAMA JAWBREAKER,4,LUCILLE TRACY,20,652
LUCILLE,TRACY,PATIENT SISTER,4,LUCILLE TRACY,20,663
LUCILLE,TRACY,RANDOM GO,14,LUCILLE TRACY,20,714
LUCILLE,TRACY,REAR TRADING,1,LUCILLE TRACY,20,717
LUCILLE,TRACY,SAGEBRUSH CLUELESS,6,LUCILLE TRACY,20,757
LUCILLE,TRACY,SHANGHAI TYCOON,16,LUCILLE TRACY,20,784
LUCILLE,TRACY,SUN CONFESSIONS,14,LUCILLE TRACY,20,863
LUCILLE,TRACY,WASTELAND DIVINE,4,LUCILLE TRACY,20,962
LUCILLE,TRACY,WINDOW SIDE,16,LUCILLE TRACY,20,977
KIRSTEN,PALTROW,AGENT TRUMAN,9,KIRSTEN PALTROW,21,6
KIRSTEN,PALTROW,BOONDOCK BALLROOM,16,KIRSTEN PALTROW,21,87
KIRSTEN,PALTROW,BORN SPINAL,16,KIRSTEN PALTROW,21,88
KIRSTEN,PALTROW,CHICKEN HELLFIGHTERS,6,KIRSTEN PALTROW,21,142
KIRSTEN,PALTROW,CLOSER BANG,5,KIRSTEN PALTROW,21,159
KIRSTEN,PALTROW,CONQUERER NUTS,7,KIRSTEN PALTROW,21,179
KIRSTEN,PALTROW,DRIFTER COMMANDMENTS,1,KIRSTEN PALTROW,21,253
KIRSTEN,PALTROW,ENCINO ELF,10,KIRSTEN PALTROW,21,281
KIRSTEN,PALTROW,FLASH WARS,13,KIRSTEN PALTROW,21,321
KIRSTEN,PALTROW,HANOVER GALAXY,12,KIRSTEN PALTROW,21,398
KIRSTEN,PALTROW,HOME PITY,12,KIRSTEN PALTROW,21,426
KIRSTEN,PALTROW,HONEY TIES,15,KIRSTEN PALTROW,21,429
KIRSTEN,PALTROW,KILL BROTHERHOOD,6,KIRSTEN PALTROW,21,497
KIRSTEN,PALTROW,LADYBUGS ARMAGEDDON,10,KIRSTEN PALTROW,21,507
KIRSTEN,PALTROW,LORD ARIZONA,1,KIRSTEN PALTROW,21,530
KIRSTEN,PALTROW,PINOCCHIO SIMON,5,KIRSTEN PALTROW,21,680
KIRSTEN,PALTROW,PLUTO OLEANDER,13,KIRSTEN PALTROW,21,686
KIRSTEN,PALTROW,PRIX UNDEFEATED,8,KIRSTEN PALTROW,21,700
KIRSTEN,PALTROW,PULP BEVERLY,11,KIRSTEN PALTROW,21,702
KIRSTEN,PALTROW,RIVER OUTLAW,15,KIRSTEN PALTROW,21,733
KIRSTEN,PALTROW,ROAD ROXANNE,6,KIRSTEN PALTROW,21,734
KIRSTEN,PALTROW,SILVERADO GOLDFINGER,14,KIRSTEN PALTROW,21,798
KIRSTEN,PALTROW,SLEEPING SUSPECTS,11,KIRSTEN PALTROW,21,804
KIRSTEN,PALTROW,THIEF PELICAN,2,KIRSTEN PALTROW,21,887
KIRSTEN,PALTROW,TITANS JERK,14,KIRSTEN PALTROW,21,893
KIRSTEN,PALTROW,UNBREAKABLE KARATE,13,KIRSTEN PALTROW,21,920
KIRSTEN,PALTROW,WON DARES,12,KIRSTEN PALTROW,21,983
ELVIS,MARX,ALABAMA DEVIL,11,ELVIS MARX,22,9
ELVIS,MARX,ANACONDA CONFESSIONS,2,ELVIS MARX,22,23
ELVIS,MARX,BAREFOOT MANCHURIAN,1,ELVIS MARX,22,56
ELVIS,MARX,BORROWERS BEDAZZLED,2,ELVIS MARX,22,89
ELVIS,MARX,CADDYSHACK JEDI,1,ELVIS MARX,22,111
ELVIS,MARX,CHITTY LOCK,7,ELVIS MARX,22,146
ELVIS,MARX,EVOLUTION ALTER,15,ELVIS MARX,22,291
ELVIS,MARX,EXPECATIONS NATURAL,16,ELVIS MARX,22,294
ELVIS,MARX,GANGS PRIDE,2,ELVIS MARX,22,349
ELVIS,MARX,GOODFELLAS SALUTE,14,ELVIS MARX,22,369
ELVIS,MARX,HOBBIT ALIEN,7,ELVIS MARX,22,418
ELVIS,MARX,HOOK CHARIOTS,2,ELVIS MARX,22,430
ELVIS,MARX,JERICHO MULAN,10,ELVIS MARX,22,483
ELVIS,MARX,JUMPING WRATH,3,ELVIS MARX,22,491
ELVIS,MARX,KENTUCKIAN GIANT,11,ELVIS MARX,22,495
ELVIS,MARX,LOVELY JINGLE,4,ELVIS MARX,22,536
ELVIS,MARX,MOTIONS DETAILS,11,ELVIS MARX,22,600
ELVIS,MARX,ODDS BOOGIE,8,ELVIS MARX,22,634
ELVIS,MARX,OUTLAW HANKY,16,ELVIS MARX,22,648
ELVIS,MARX,POLISH BROOKLYN,3,ELVIS MARX,22,688
ELVIS,MARX,RIGHT CRANES,4,ELVIS MARX,22,731
ELVIS,MARX,ROOF CHAMPION,10,ELVIS MARX,22,742
ELVIS,MARX,SEATTLE EXPECATIONS,7,ELVIS MARX,22,775
ELVIS,MARX,SKY MIRACLE,1,ELVIS MARX,22,802
ELVIS,MARX,TROJAN TOMORROW,14,ELVIS MARX,22,912
ELVIS,MARX,WATERFRONT DELIVERANCE,1,ELVIS MARX,22,964
SANDRA,KILMER,AGENT TRUMAN,9,SANDRA KILMER,23,6
SANDRA,KILMER,ARTIST COLDBLOODED,15,SANDRA KILMER,23,42
SANDRA,KILMER,BLACKOUT PRIVATE,2,SANDRA KILMER,23,78
SANDRA,KILMER,BULL SHAWSHANK,1,SANDRA KILMER,23,105
SANDRA,KILMER,CANDIDATE PERDITION,4,SANDRA KILMER,23,116
SANDRA,KILMER,CANDLES GRAPES,10,SANDRA KILMER,23,117
SANDRA,KILMER,CASSIDY WYOMING,16,SANDRA KILMER,23,125
SANDRA,KILMER,DARN FORRESTER,1,SANDRA KILMER,23,212
SANDRA,KILMER,DESTINY SATURDAY,13,SANDRA KILMER,23,226
SANDRA,KILMER,DIVIDE MONSTER,14,SANDRA KILMER,23,235
SANDRA,KILMER,DRIVER ANNIE,15,SANDRA KILMER,23,254
SANDRA,KILMER,GOLDMINE TYCOON,14,SANDRA KILMER,23,367
SANDRA,KILMER,GORGEOUS BINGO,3,SANDRA KILMER,23,370
SANDRA,KILMER,HELLFIGHTERS SIERRA,9,SANDRA KILMER,23,414
SANDRA,KILMER,HOCUS FRIDA,8,SANDRA KILMER,23,419
SANDRA,KILMER,HOTEL HAPPINESS,9,SANDRA KILMER,23,435
SANDRA,KILMER,IDENTITY LOVER,14,SANDRA KILMER,23,449
SANDRA,KILMER,JUMPING WRATH,3,SANDRA KILMER,23,491
SANDRA,KILMER,LOVELY JINGLE,4,SANDRA KILMER,23,536
SANDRA,KILMER,MAGNOLIA FORRESTER,1,SANDRA KILMER,23,549
SANDRA,KILMER,OLEANDER CLUE,12,SANDRA KILMER,23,636
SANDRA,KILMER,OZ LIAISONS,2,SANDRA KILMER,23,649
SANDRA,KILMER,PERSONAL LADYBUGS,12,SANDRA KILMER,23,673
SANDRA,KILMER,POSEIDON FOREVER,15,SANDRA KILMER,23,691
SANDRA,KILMER,SAVANNAH TOWN,7,SANDRA KILMER,23,766
SANDRA,KILMER,SHAKESPEARE SADDLE,15,SANDRA KILMER,23,782
SANDRA,KILMER,SLEEPING SUSPECTS,11,SANDRA KILMER,23,804
SANDRA,KILMER,SONS INTERVIEW,2,SANDRA KILMER,23,820
SANDRA,KILMER,SPEED SUIT,16,SANDRA KILMER,23,826
SANDRA,KILMER,SPLENDOR PATTON,3,SANDRA KILMER,23,833
SANDRA,KILMER,STATE WASTELAND,10,SANDRA KILMER,23,842
SANDRA,KILMER,STRANGER STRANGERS,3,SANDRA KILMER,23,853
SANDRA,KILMER,STREAK RIDGEMONT,6,SANDRA KILMER,23,855
SANDRA,KILMER,STREETCAR INTENTIONS,11,SANDRA KILMER,23,856
SANDRA,KILMER,VANISHED GARDEN,13,SANDRA KILMER,23,935
SANDRA,KILMER,WOLVES DESIRE,16,SANDRA KILMER,23,981
SANDRA,KILMER,YOUTH KICK,12,SANDRA KILMER,23,997
CAMERON,STREEP,ADAPTATION HOLES,6,CAMERON STREEP,24,3
CAMERON,STREEP,BLUES INSTINCT,8,CAMERON STREEP,24,83
CAMERON,STREEP,CALENDAR GUNFIGHT,9,CAMERON STREEP,24,112
CAMERON,STREEP,CASUALTIES ENCINO,1,CAMERON STREEP,24,126
CAMERON,STREEP,CHOCOLATE DUCK,9,CAMERON STREEP,24,148
CAMERON,STREEP,COAST RAINBOW,6,CAMERON STREEP,24,164
CAMERON,STREEP,CONNECTION MICROCOSMOS,5,CAMERON STREEP,24,178
CAMERON,STREEP,CROW GREASE,1,CAMERON STREEP,24,194
CAMERON,STREEP,CUPBOARD SINNERS,6,CAMERON STREEP,24,199
CAMERON,STREEP,DOOM DANCING,5,CAMERON STREEP,24,242
CAMERON,STREEP,DROP WATERFRONT,15,CAMERON STREEP,24,256
CAMERON,STREEP,ELEPHANT TROJAN,11,CAMERON STREEP,24,277
CAMERON,STREEP,FREEDOM CLEOPATRA,5,CAMERON STREEP,24,335
CAMERON,STREEP,HAUNTED ANTITRUST,16,CAMERON STREEP,24,405
CAMERON,STREEP,INSTINCT AIRPORT,15,CAMERON STREEP,24,463
CAMERON,STREEP,LEGALLY SECRETARY,3,CAMERON STREEP,24,515
CAMERON,STREEP,MOB DUFFEL,7,CAMERON STREEP,24,585
CAMERON,STREEP,MOVIE SHAKESPEARE,8,CAMERON STREEP,24,603
CAMERON,STREEP,PANIC CLUB,11,CAMERON STREEP,24,653
CAMERON,STREEP,PURE RUNNER,5,CAMERON STREEP,24,704
CAMERON,STREEP,SEVEN SWARM,10,CAMERON STREEP,24,781
CAMERON,STREEP,SPINAL ROCKY,8,CAMERON STREEP,24,829
CAMERON,STREEP,SPLASH GUMP,8,CAMERON STREEP,24,832
CAMERON,STREEP,WEST LION,7,CAMERON STREEP,24,969
KEVIN,BLOOM,AMERICAN CIRCUS,1,KEVIN BLOOM,25,21
KEVIN,BLOOM,BOOGIE AMELIE,12,KEVIN BLOOM,25,86
KEVIN,BLOOM,CITIZEN SHREK,14,KEVIN BLOOM,25,153
KEVIN,BLOOM,CONQUERER NUTS,7,KEVIN BLOOM,25,179
KEVIN,BLOOM,DALMATIONS SWEDEN,7,KEVIN BLOOM,25,204
KEVIN,BLOOM,DATE SPEED,8,KEVIN BLOOM,25,213
KEVIN,BLOOM,DESTINY SATURDAY,13,KEVIN BLOOM,25,226
KEVIN,BLOOM,DOUBLE WRATH,2,KEVIN BLOOM,25,245
KEVIN,BLOOM,FICTION CHRISTMAS,9,KEVIN BLOOM,25,311
KEVIN,BLOOM,HATE HANDICAP,5,KEVIN BLOOM,25,404
KEVIN,BLOOM,HEAVENLY GUN,12,KEVIN BLOOM,25,411
KEVIN,BLOOM,HOLES BRANNIGAN,15,KEVIN BLOOM,25,420
KEVIN,BLOOM,LOVERBOY ATTACKS,13,KEVIN BLOOM,25,538
KEVIN,BLOOM,MASSAGE IMAGE,2,KEVIN BLOOM,25,564
KEVIN,BLOOM,MISSION ZOOLANDER,2,KEVIN BLOOM,25,583
KEVIN,BLOOM,MUMMY CREATURES,15,KEVIN BLOOM,25,606
KEVIN,BLOOM,POLISH BROOKLYN,3,KEVIN BLOOM,25,688
KEVIN,BLOOM,PRIMARY GLASS,1,KEVIN BLOOM,25,697
KEVIN,BLOOM,SABRINA MIDNIGHT,3,KEVIN BLOOM,25,755
KEVIN,BLOOM,SWEDEN SHINING,5,KEVIN BLOOM,25,871
KEVIN,BLOOM,TROUBLE DATE,16,KEVIN BLOOM,25,914
RIP,CRAWFORD,ALABAMA DEVIL,11,RIP CRAWFORD,26,9
RIP,CRAWFORD,AMERICAN CIRCUS,1,RIP CRAWFORD,26,21
RIP,CRAWFORD,ARABIA DOGMA,11,RIP CRAWFORD,26,34
RIP,CRAWFORD,BOULEVARD MOB,13,RIP CRAWFORD,26,90
RIP,CRAWFORD,BRANNIGAN SUNRISE,13,RIP CRAWFORD,26,93
RIP,CRAWFORD,BUCKET BROTHERHOOD,16,RIP CRAWFORD,26,103
RIP,CRAWFORD,CHOCOLAT HARRY,8,RIP CRAWFORD,26,147
RIP,CRAWFORD,CRAFT OUTFIELD,7,RIP CRAWFORD,26,186
RIP,CRAWFORD,CYCLONE FAMILY,9,RIP CRAWFORD,26,201
RIP,CRAWFORD,DESTINATION JERK,7,RIP CRAWFORD,26,225
RIP,CRAWFORD,DONNIE ALLEY,2,RIP CRAWFORD,26,241
RIP,CRAWFORD,FOOL MOCKINGBIRD,1,RIP CRAWFORD,26,327
RIP,CRAWFORD,FORREST SONS,1,RIP CRAWFORD,26,329
RIP,CRAWFORD,FRONTIER CABIN,13,RIP CRAWFORD,26,340
RIP,CRAWFORD,GABLES METROPOLIS,8,RIP CRAWFORD,26,345
RIP,CRAWFORD,GUYS FALCON,14,RIP CRAWFORD,26,390
RIP,CRAWFORD,HALL CASSIDY,3,RIP CRAWFORD,26,392
RIP,CRAWFORD,LONELY ELEPHANT,5,RIP CRAWFORD,26,529
RIP,CRAWFORD,MADISON TRAP,6,RIP CRAWFORD,26,544
RIP,CRAWFORD,MASSAGE IMAGE,2,RIP CRAWFORD,26,564
RIP,CRAWFORD,OKLAHOMA JUMANJI,13,RIP CRAWFORD,26,635
RIP,CRAWFORD,OSCAR GOLD,2,RIP CRAWFORD,26,644
RIP,CRAWFORD,PITTSBURGH HUNCHBACK,8,RIP CRAWFORD,26,682
RIP,CRAWFORD,POLISH BROOKLYN,3,RIP CRAWFORD,26,688
RIP,CRAWFORD,RANGE MOONWALKER,8,RIP CRAWFORD,26,715
RIP,CRAWFORD,RINGS HEARTBREAKERS,1,RIP CRAWFORD,26,732
RIP,CRAWFORD,SAINTS BRIDE,7,RIP CRAWFORD,26,758
RIP,CRAWFORD,SATURDAY LAMBS,15,RIP CRAWFORD,26,764
RIP,CRAWFORD,SIEGE MADRE,8,RIP CRAWFORD,26,795
RIP,CRAWFORD,SORORITY QUEEN,9,RIP CRAWFORD,26,821
RIP,CRAWFORD,TEXAS WATCH,11,RIP CRAWFORD,26,885
RIP,CRAWFORD,TRAIN BUNCH,11,RIP CRAWFORD,26,904
RIP,CRAWFORD,TRAMP OTHERS,5,RIP CRAWFORD,26,906
JULIA,MCQUEEN,AMADEUS HOLY,1,JULIA MCQUEEN,27,19
JULIA,MCQUEEN,ARABIA DOGMA,11,JULIA MCQUEEN,27,34
JULIA,MCQUEEN,BONNIE HOLOCAUST,6,JULIA MCQUEEN,27,85
JULIA,MCQUEEN,CIDER DESIRE,6,JULIA MCQUEEN,27,150
JULIA,MCQUEEN,CONEHEADS SMOOCHY,7,JULIA MCQUEEN,27,172
JULIA,MCQUEEN,EFFECT GLADIATOR,8,JULIA MCQUEEN,27,273
JULIA,MCQUEEN,FREDDY STORM,11,JULIA MCQUEEN,27,334
JULIA,MCQUEEN,GAMES BOWFINGER,16,JULIA MCQUEEN,27,347
JULIA,MCQUEEN,GLADIATOR WESTWARD,8,JULIA MCQUEEN,27,359
JULIA,MCQUEEN,HANOVER GALAXY,12,JULIA MCQUEEN,27,398
JULIA,MCQUEEN,HIGH ENCINO,11,JULIA MCQUEEN,27,415
JULIA,MCQUEEN,INSIDER ARIZONA,12,JULIA MCQUEEN,27,462
JULIA,MCQUEEN,JAWBREAKER BROOKLYN,12,JULIA MCQUEEN,27,477
JULIA,MCQUEEN,KISS GLORY,9,JULIA MCQUEEN,27,500
JULIA,MCQUEEN,KRAMER CHOCOLATE,15,JULIA MCQUEEN,27,503
JULIA,MCQUEEN,LUCKY FLYING,12,JULIA MCQUEEN,27,540
JULIA,MCQUEEN,MOCKINGBIRD HOLLYWOOD,1,JULIA MCQUEEN,27,586
JULIA,MCQUEEN,MONTEREY LABYRINTH,11,JULIA MCQUEEN,27,593
JULIA,MCQUEEN,OPEN AFRICAN,14,JULIA MCQUEEN,27,637
JULIA,MCQUEEN,PILOT HOOSIERS,8,JULIA MCQUEEN,27,679
JULIA,MCQUEEN,PITTSBURGH HUNCHBACK,8,JULIA MCQUEEN,27,682
JULIA,MCQUEEN,PRESIDENT BANG,8,JULIA MCQUEEN,27,695
JULIA,MCQUEEN,SCORPION APOLLO,7,JULIA MCQUEEN,27,771
JULIA,MCQUEEN,SLEEPLESS MONSOON,2,JULIA MCQUEEN,27,805
JULIA,MCQUEEN,SPIRIT FLINTSTONES,11,JULIA MCQUEEN,27,830
JULIA,MCQUEEN,STRANGERS GRAFFITI,11,JULIA MCQUEEN,27,854
JULIA,MCQUEEN,SWEETHEARTS SUSPECTS,3,JULIA MCQUEEN,27,873
JULIA,MCQUEEN,TELEMARK HEARTBREAKERS,2,JULIA MCQUEEN,27,880
JULIA,MCQUEEN,TIES HUNGER,3,JULIA MCQUEEN,27,889
JULIA,MCQUEEN,TRAIN BUNCH,11,JULIA MCQUEEN,27,904
JULIA,MCQUEEN,WEEKEND PERSONAL,14,JULIA MCQUEEN,27,967
JULIA,MCQUEEN,WONKA SEA,2,JULIA MCQUEEN,27,986
JULIA,MCQUEEN,YOUNG LANGUAGE,6,JULIA MCQUEEN,27,996
WOODY,HOFFMAN,ALICE FANTASIA,4,WOODY HOFFMAN,28,14
WOODY,HOFFMAN,ATLANTIS CAUSE,8,WOODY HOFFMAN,28,43
WOODY,HOFFMAN,BEACH HEARTBREAKERS,6,WOODY HOFFMAN,28,58
WOODY,HOFFMAN,BIRCH ANTITRUST,12,WOODY HOFFMAN,28,74
WOODY,HOFFMAN,BREAKING HOME,13,WOODY HOFFMAN,28,96
WOODY,HOFFMAN,BUNCH MINDS,7,WOODY HOFFMAN,28,107
WOODY,HOFFMAN,DUCK RACER,2,WOODY HOFFMAN,28,259
WOODY,HOFFMAN,DURHAM PANKY,15,WOODY HOFFMAN,28,263
WOODY,HOFFMAN,ENTRAPMENT SATISFACTION,1,WOODY HOFFMAN,28,287
WOODY,HOFFMAN,GILMORE BOILED,4,WOODY HOFFMAN,28,358
WOODY,HOFFMAN,KNOCK WARLOCK,5,WOODY HOFFMAN,28,502
WOODY,HOFFMAN,LAMBS CINCINATTI,10,WOODY HOFFMAN,28,508
WOODY,HOFFMAN,LOSER HUSTLER,15,WOODY HOFFMAN,28,532
WOODY,HOFFMAN,MAIDEN HOME,13,WOODY HOFFMAN,28,551
WOODY,HOFFMAN,MIDNIGHT WESTWARD,1,WOODY HOFFMAN,28,574
WOODY,HOFFMAN,MOONWALKER FOOL,10,WOODY HOFFMAN,28,597
WOODY,HOFFMAN,NEIGHBORS CHARADE,15,WOODY HOFFMAN,28,619
WOODY,HOFFMAN,NONE SPIKING,14,WOODY HOFFMAN,28,625
WOODY,HOFFMAN,PAJAMA JAWBREAKER,4,WOODY HOFFMAN,28,652
WOODY,HOFFMAN,PILOT HOOSIERS,8,WOODY HOFFMAN,28,679
WOODY,HOFFMAN,ROOM ROMAN,2,WOODY HOFFMAN,28,743
WOODY,HOFFMAN,SHOOTIST SUPERFLY,7,WOODY HOFFMAN,28,790
WOODY,HOFFMAN,SHRUNK DIVINE,1,WOODY HOFFMAN,28,793
WOODY,HOFFMAN,SNOWMAN ROLLERCOASTER,2,WOODY HOFFMAN,28,816
WOODY,HOFFMAN,SPICE SORORITY,7,WOODY HOFFMAN,28,827
WOODY,HOFFMAN,SPY MILE,10,WOODY HOFFMAN,28,835
WOODY,HOFFMAN,TELEGRAPH VOYAGE,12,WOODY HOFFMAN,28,879
WOODY,HOFFMAN,TRAP GUYS,9,WOODY HOFFMAN,28,908
WOODY,HOFFMAN,WAIT CIDER,2,WOODY HOFFMAN,28,953
WOODY,HOFFMAN,WIFE TURN,6,WOODY HOFFMAN,28,973
WOODY,HOFFMAN,WYOMING STORM,13,WOODY HOFFMAN,28,994
ALEC,WAYNE,ALADDIN CALENDAR,15,ALEC WAYNE,29,10
ALEC,WAYNE,BLADE POLISH,7,ALEC WAYNE,29,79
ALEC,WAYNE,BULL SHAWSHANK,1,ALEC WAYNE,29,105
ALEC,WAYNE,CABIN FLASH,3,ALEC WAYNE,29,110
ALEC,WAYNE,CENTER DINOSAUR,4,ALEC WAYNE,29,131
ALEC,WAYNE,CHAMBER ITALIAN,12,ALEC WAYNE,29,133
ALEC,WAYNE,CONEHEADS SMOOCHY,7,ALEC WAYNE,29,172
ALEC,WAYNE,DESTINY SATURDAY,13,ALEC WAYNE,29,226
ALEC,WAYNE,EFFECT GLADIATOR,8,ALEC WAYNE,29,273
ALEC,WAYNE,ENCOUNTERS CURTAIN,7,ALEC WAYNE,29,282
ALEC,WAYNE,EXPRESS LONELY,14,ALEC WAYNE,29,296
ALEC,WAYNE,FICTION CHRISTMAS,9,ALEC WAYNE,29,311
ALEC,WAYNE,FREEDOM CLEOPATRA,5,ALEC WAYNE,29,335
ALEC,WAYNE,FUGITIVE MAGUIRE,16,ALEC WAYNE,29,342
ALEC,WAYNE,HOURS RAGE,13,ALEC WAYNE,29,436
ALEC,WAYNE,HUSTLER PARTY,5,ALEC WAYNE,29,444
ALEC,WAYNE,IDENTITY LOVER,14,ALEC WAYNE,29,449
ALEC,WAYNE,INSIDER ARIZONA,12,ALEC WAYNE,29,462
ALEC,WAYNE,JEOPARDY ENCINO,4,ALEC WAYNE,29,482
ALEC,WAYNE,JOON NORTHWEST,15,ALEC WAYNE,29,488
ALEC,WAYNE,LIBERTY MAGNIFICENT,15,ALEC WAYNE,29,519
ALEC,WAYNE,MAGIC MALLRATS,3,ALEC WAYNE,29,547
ALEC,WAYNE,MONEY HAROLD,13,ALEC WAYNE,29,590
ALEC,WAYNE,OUTBREAK DIVINE,10,ALEC WAYNE,29,646
ALEC,WAYNE,REIGN GENTLEMEN,14,ALEC WAYNE,29,723
ALEC,WAYNE,SMOKING BARBARELLA,6,ALEC WAYNE,29,812
ALEC,WAYNE,SUMMER SCARFACE,4,ALEC WAYNE,29,862
ALEC,WAYNE,UPTOWN YOUNG,3,ALEC WAYNE,29,928
ALEC,WAYNE,VIRGIN DAISY,7,ALEC WAYNE,29,944
SANDRA,PECK,ACADEMY DINOSAUR,6,SANDRA PECK,30,1
SANDRA,PECK,BANG KWAI,8,SANDRA PECK,30,53
SANDRA,PECK,BEETHOVEN EXORCIST,7,SANDRA PECK,30,64
SANDRA,PECK,BEVERLY OUTLAW,14,SANDRA PECK,30,69
SANDRA,PECK,BIRDS PERDITION,13,SANDRA PECK,30,77
SANDRA,PECK,BOONDOCK BALLROOM,16,SANDRA PECK,30,87
SANDRA,PECK,DUDE BLINDNESS,15,SANDRA PECK,30,260
SANDRA,PECK,DUMBO LUST,8,SANDRA PECK,30,262
SANDRA,PECK,ENOUGH RAGING,16,SANDRA PECK,30,286
SANDRA,PECK,EXCITEMENT EVE,1,SANDRA PECK,30,292
SANDRA,PECK,FAMILY SWEET,11,SANDRA PECK,30,301
SANDRA,PECK,FIREHOUSE VIETNAM,1,SANDRA PECK,30,318
SANDRA,PECK,FLASH WARS,13,SANDRA PECK,30,321
SANDRA,PECK,GILBERT PELICAN,4,SANDRA PECK,30,357
SANDRA,PECK,MATRIX SNOWMAN,9,SANDRA PECK,30,565
SANDRA,PECK,RINGS HEARTBREAKERS,1,SANDRA PECK,30,732
SANDRA,PECK,SILENCE KANE,12,SANDRA PECK,30,797
SANDRA,PECK,STAGECOACH ARMAGEDDON,1,SANDRA PECK,30,838
SANDRA,PECK,VIRGINIAN PLUTO,6,SANDRA PECK,30,945
SISSY,SOBIESKI,BORN SPINAL,16,SISSY SOBIESKI,31,88
SISSY,SOBIESKI,CHITTY LOCK,7,SISSY SOBIESKI,31,146
SISSY,SOBIESKI,CLYDE THEORY,13,SISSY SOBIESKI,31,163
SISSY,SOBIESKI,COAST RAINBOW,6,SISSY SOBIESKI,31,164
SISSY,SOBIESKI,CRAZY HOME,5,SISSY SOBIESKI,31,188
SISSY,SOBIESKI,FACTORY DRAGON,16,SISSY SOBIESKI,31,299
SISSY,SOBIESKI,FERRIS MOTHER,5,SISSY SOBIESKI,31,308
SISSY,SOBIESKI,GONE TROUBLE,7,SISSY SOBIESKI,31,368
SISSY,SOBIESKI,GREEK EVERYONE,9,SISSY SOBIESKI,31,380
SISSY,SOBIESKI,HOOSIERS BIRDCAGE,9,SISSY SOBIESKI,31,431
SISSY,SOBIESKI,MOB DUFFEL,7,SISSY SOBIESKI,31,585
SISSY,SOBIESKI,OPEN AFRICAN,14,SISSY SOBIESKI,31,637
SISSY,SOBIESKI,PRIX UNDEFEATED,8,SISSY SOBIESKI,31,700
SISSY,SOBIESKI,ROCKY WAR,7,SISSY SOBIESKI,31,739
SISSY,SOBIESKI,SHRUNK DIVINE,1,SISSY SOBIESKI,31,793
SISSY,SOBIESKI,SKY MIRACLE,1,SISSY SOBIESKI,31,802
SISSY,SOBIESKI,TELEMARK HEARTBREAKERS,2,SISSY SOBIESKI,31,880
SISSY,SOBIESKI,WISDOM WORKER,5,SISSY SOBIESKI,31,978
TIM,HACKMAN,BEHAVIOR RUNAWAY,11,TIM HACKMAN,32,65
TIM,HACKMAN,BOILED DARES,16,TIM HACKMAN,32,84
TIM,HACKMAN,BUCKET BROTHERHOOD,16,TIM HACKMAN,32,103
TIM,HACKMAN,CALENDAR GUNFIGHT,9,TIM HACKMAN,32,112
TIM,HACKMAN,CHAPLIN LICENSE,13,TIM HACKMAN,32,136
TIM,HACKMAN,CRUSADE HONEY,15,TIM HACKMAN,32,197
TIM,HACKMAN,CUPBOARD SINNERS,6,TIM HACKMAN,32,199
TIM,HACKMAN,DEEP CRUSADE,6,TIM HACKMAN,32,219
TIM,HACKMAN,FEUD FROGMEN,8,TIM HACKMAN,32,309
TIM,HACKMAN,FIDDLER LOST,14,TIM HACKMAN,32,312
TIM,HACKMAN,HAROLD FRENCH,7,TIM HACKMAN,32,401
TIM,HACKMAN,HOMEWARD CIDER,6,TIM HACKMAN,32,427
TIM,HACKMAN,HOOSIERS BIRDCAGE,9,TIM HACKMAN,32,431
TIM,HACKMAN,LIGHTS DEER,4,TIM HACKMAN,32,523
TIM,HACKMAN,MEET CHOCOLATE,9,TIM HACKMAN,32,567
TIM,HACKMAN,MOB DUFFEL,7,TIM HACKMAN,32,585
TIM,HACKMAN,MUMMY CREATURES,15,TIM HACKMAN,32,606
TIM,HACKMAN,PACKER MADIGAN,2,TIM HACKMAN,32,651
TIM,HACKMAN,PEACH INNOCENT,15,TIM HACKMAN,32,667
TIM,HACKMAN,PEARL DESTINY,9,TIM HACKMAN,32,669
TIM,HACKMAN,SNATCHERS MONTEZUMA,4,TIM HACKMAN,32,815
TIM,HACKMAN,UPTOWN YOUNG,3,TIM HACKMAN,32,928
TIM,HACKMAN,WIZARD COLDBLOODED,12,TIM HACKMAN,32,980
MILLA,PECK,BAREFOOT MANCHURIAN,1,MILLA PECK,33,56
MILLA,PECK,CALENDAR GUNFIGHT,9,MILLA PECK,33,112
MILLA,PECK,CHANCE RESURRECTION,15,MILLA PECK,33,135
MILLA,PECK,CLASH FREDDY,2,MILLA PECK,33,154
MILLA,PECK,DAUGHTER MADIGAN,3,MILLA PECK,33,214
MILLA,PECK,DREAM PICKUP,1,MILLA PECK,33,252
MILLA,PECK,FATAL HAUNTED,13,MILLA PECK,33,305
MILLA,PECK,FEATHERS METAL,10,MILLA PECK,33,306
MILLA,PECK,JACKET FRISCO,7,MILLA PECK,33,473
MILLA,PECK,JUGGLER HARDLY,2,MILLA PECK,33,489
MILLA,PECK,MIDNIGHT WESTWARD,1,MILLA PECK,33,574
MILLA,PECK,NECKLACE OUTBREAK,7,MILLA PECK,33,618
MILLA,PECK,PEACH INNOCENT,15,MILLA PECK,33,667
MILLA,PECK,PREJUDICE OLEANDER,4,MILLA PECK,33,694
MILLA,PECK,RAIDERS ANTITRUST,6,MILLA PECK,33,712
MILLA,PECK,ROBBERS JOON,3,MILLA PECK,33,735
MILLA,PECK,ROCK INSTINCT,11,MILLA PECK,33,737
MILLA,PECK,RUSHMORE MERMAID,5,MILLA PECK,33,754
MILLA,PECK,SEATTLE EXPECATIONS,7,MILLA PECK,33,775
MILLA,PECK,TEEN APOLLO,16,MILLA PECK,33,878
MILLA,PECK,TEMPLE ATTRACTION,11,MILLA PECK,33,881
MILLA,PECK,WATERSHIP FRONTIER,11,MILLA PECK,33,965
MILLA,PECK,WHISPERER GIANT,14,MILLA PECK,33,972
MILLA,PECK,WRONG BEHAVIOR,3,MILLA PECK,33,993
AUDREY,OLIVIER,ATLANTIS CAUSE,8,AUDREY OLIVIER,34,43
AUDREY,OLIVIER,BOULEVARD MOB,13,AUDREY OLIVIER,34,90
AUDREY,OLIVIER,CAPER MOTIONS,5,AUDREY OLIVIER,34,119
AUDREY,OLIVIER,CASSIDY WYOMING,16,AUDREY OLIVIER,34,125
AUDREY,OLIVIER,CONEHEADS SMOOCHY,7,AUDREY OLIVIER,34,172
AUDREY,OLIVIER,CONTROL ANTHEM,5,AUDREY OLIVIER,34,182
AUDREY,OLIVIER,DORADO NOTTING,12,AUDREY OLIVIER,34,244
AUDREY,OLIVIER,FRENCH HOLIDAY,6,AUDREY OLIVIER,34,336
AUDREY,OLIVIER,GUNFIGHTER MUSSOLINI,15,AUDREY OLIVIER,34,389
AUDREY,OLIVIER,HALLOWEEN NUTS,6,AUDREY OLIVIER,34,393
AUDREY,OLIVIER,HUMAN GRAFFITI,10,AUDREY OLIVIER,34,438
AUDREY,OLIVIER,KANE EXORCIST,9,AUDREY OLIVIER,34,493
AUDREY,OLIVIER,KNOCK WARLOCK,5,AUDREY OLIVIER,34,502
AUDREY,OLIVIER,LOATHING LEGALLY,4,AUDREY OLIVIER,34,525
AUDREY,OLIVIER,PEAK FOREVER,15,AUDREY OLIVIER,34,668
AUDREY,OLIVIER,REDEMPTION COMFORTS,13,AUDREY OLIVIER,34,720
AUDREY,OLIVIER,SENSE GREEK,15,AUDREY OLIVIER,34,779
AUDREY,OLIVIER,SHIP WONDERLAND,6,AUDREY OLIVIER,34,788
AUDREY,OLIVIER,SIDE ARK,1,AUDREY OLIVIER,34,794
AUDREY,OLIVIER,SQUAD FISH,15,AUDREY OLIVIER,34,836
AUDREY,OLIVIER,STING PERSONAL,13,AUDREY OLIVIER,34,846
AUDREY,OLIVIER,STRANGER STRANGERS,3,AUDREY OLIVIER,34,853
AUDREY,OLIVIER,USUAL UNTOUCHABLES,9,AUDREY OLIVIER,34,929
AUDREY,OLIVIER,VOLUME HOUSE,4,AUDREY OLIVIER,34,950
AUDREY,OLIVIER,WHALE BIKINI,9,AUDREY OLIVIER,34,971
JUDY,DEAN,ALADDIN CALENDAR,15,JUDY DEAN,35,10
JUDY,DEAN,ARACHNOPHOBIA ROLLERCOASTER,11,JUDY DEAN,35,35
JUDY,DEAN,BALLROOM MOCKINGBIRD,9,JUDY DEAN,35,52
JUDY,DEAN,CYCLONE FAMILY,9,JUDY DEAN,35,201
JUDY,DEAN,DROP WATERFRONT,15,JUDY DEAN,35,256
JUDY,DEAN,GUNFIGHTER MUSSOLINI,15,JUDY DEAN,35,389
JUDY,DEAN,MODERN DORADO,6,JUDY DEAN,35,589
JUDY,DEAN,MUSSOLINI SPOILERS,15,JUDY DEAN,35,612
JUDY,DEAN,NASH CHOCOLAT,2,JUDY DEAN,35,615
JUDY,DEAN,QUEST MUSSOLINI,1,JUDY DEAN,35,707
JUDY,DEAN,RINGS HEARTBREAKERS,1,JUDY DEAN,35,732
JUDY,DEAN,ROCKETEER MOTHER,9,JUDY DEAN,35,738
JUDY,DEAN,RUGRATS SHAKESPEARE,1,JUDY DEAN,35,748
JUDY,DEAN,SOLDIERS EVOLUTION,14,JUDY DEAN,35,817
JUDY,DEAN,TROUBLE DATE,16,JUDY DEAN,35,914
BURT,DUKAKIS,ALIEN CENTER,9,BURT DUKAKIS,36,15
BURT,DUKAKIS,BLINDNESS GUN,14,BURT DUKAKIS,36,81
BURT,DUKAKIS,COMMANDMENTS EXPRESS,11,BURT DUKAKIS,36,171
BURT,DUKAKIS,DINOSAUR SECRETARY,8,BURT DUKAKIS,36,231
BURT,DUKAKIS,DOUBLE WRATH,2,BURT DUKAKIS,36,245
BURT,DUKAKIS,ENDING CROWDS,13,BURT DUKAKIS,36,283
BURT,DUKAKIS,GREEK EVERYONE,9,BURT DUKAKIS,36,380
BURT,DUKAKIS,GRINCH MASSAGE,10,BURT DUKAKIS,36,381
BURT,DUKAKIS,GUN BONNIE,10,BURT DUKAKIS,36,387
BURT,DUKAKIS,GUYS FALCON,14,BURT DUKAKIS,36,390
BURT,DUKAKIS,HEAVEN FREEDOM,5,BURT DUKAKIS,36,410
BURT,DUKAKIS,HOME PITY,12,BURT DUKAKIS,36,426
BURT,DUKAKIS,HOMEWARD CIDER,6,BURT DUKAKIS,36,427
BURT,DUKAKIS,IMAGE PRINCESS,15,BURT DUKAKIS,36,453
BURT,DUKAKIS,INTOLERABLE INTENTIONS,6,BURT DUKAKIS,36,466
BURT,DUKAKIS,JERK PAYCHECK,4,BURT DUKAKIS,36,484
BURT,DUKAKIS,KANE EXORCIST,9,BURT DUKAKIS,36,493
BURT,DUKAKIS,KING EVOLUTION,8,BURT DUKAKIS,36,499
BURT,DUKAKIS,MENAGERIE RUSHMORE,2,BURT DUKAKIS,36,569
BURT,DUKAKIS,MONEY HAROLD,13,BURT DUKAKIS,36,590
BURT,DUKAKIS,MOTIONS DETAILS,11,BURT DUKAKIS,36,600
BURT,DUKAKIS,RANDOM GO,14,BURT DUKAKIS,36,714
BURT,DUKAKIS,RANGE MOONWALKER,8,BURT DUKAKIS,36,715
BURT,DUKAKIS,REAP UNFAITHFUL,11,BURT DUKAKIS,36,716
BURT,DUKAKIS,RIGHT CRANES,4,BURT DUKAKIS,36,731
BURT,DUKAKIS,TALENTED HOMICIDE,15,BURT DUKAKIS,36,875
BURT,DUKAKIS,TRUMAN CRAZY,1,BURT DUKAKIS,36,915
BURT,DUKAKIS,VALENTINE VANISHING,16,BURT DUKAKIS,36,931
BURT,DUKAKIS,WANDA CHAMBER,10,BURT DUKAKIS,36,956
VAL,BOLGER,ALADDIN CALENDAR,15,VAL BOLGER,37,10
VAL,BOLGER,ALASKA PHANTOM,12,VAL BOLGER,37,12
VAL,BOLGER,AMADEUS HOLY,1,VAL BOLGER,37,19
VAL,BOLGER,CANYON STOCK,2,VAL BOLGER,37,118
VAL,BOLGER,CAPER MOTIONS,5,VAL BOLGER,37,119
VAL,BOLGER,CARRIE BUNCH,11,VAL BOLGER,37,122
VAL,BOLGER,CHITTY LOCK,7,VAL BOLGER,37,146
VAL,BOLGER,DALMATIONS SWEDEN,7,VAL BOLGER,37,204
VAL,BOLGER,DRIFTER COMMANDMENTS,1,VAL BOLGER,37,253
VAL,BOLGER,DUDE BLINDNESS,15,VAL BOLGER,37,260
VAL,BOLGER,ELEPHANT TROJAN,11,VAL BOLGER,37,277
VAL,BOLGER,FIREBALL PHILADELPHIA,5,VAL BOLGER,37,317
VAL,BOLGER,INTRIGUE WORST,9,VAL BOLGER,37,467
VAL,BOLGER,JAWBREAKER BROOKLYN,12,VAL BOLGER,37,477
VAL,BOLGER,JERSEY SASSY,3,VAL BOLGER,37,485
VAL,BOLGER,LAMBS CINCINATTI,10,VAL BOLGER,37,508
VAL,BOLGER,LONELY ELEPHANT,5,VAL BOLGER,37,529
VAL,BOLGER,MAKER GABLES,3,VAL BOLGER,37,553
VAL,BOLGER,MALLRATS UNITED,5,VAL BOLGER,37,555
VAL,BOLGER,METROPOLIS COMA,14,VAL BOLGER,37,572
VAL,BOLGER,MODEL FISH,3,VAL BOLGER,37,588
VAL,BOLGER,PATHS CONTROL,7,VAL BOLGER,37,662
VAL,BOLGER,PATIENT SISTER,4,VAL BOLGER,37,663
VAL,BOLGER,PREJUDICE OLEANDER,4,VAL BOLGER,37,694
VAL,BOLGER,PRIMARY GLASS,1,VAL BOLGER,37,697
VAL,BOLGER,SHAWSHANK BUBBLE,16,VAL BOLGER,37,785
VAL,BOLGER,STALLION SUNDANCE,14,VAL BOLGER,37,839
VAL,BOLGER,STAMPEDE DISTURBING,10,VAL BOLGER,37,840
VAL,BOLGER,STRANGER STRANGERS,3,VAL BOLGER,37,853
VAL,BOLGER,TOWN ARK,9,VAL BOLGER,37,900
VAL,BOLGER,UNITED PILOT,6,VAL BOLGER,37,925
VAL,BOLGER,WATCH TRACY,2,VAL BOLGER,37,963
VAL,BOLGER,WEDDING APOLLO,6,VAL BOLGER,37,966
VAL,BOLGER,WORKING MICROCOSMOS,16,VAL BOLGER,37,989
VAL,BOLGER,YOUTH KICK,12,VAL BOLGER,37,997
TOM,MCKELLEN,ANALYZE HOOSIERS,11,TOM MCKELLEN,38,24
TOM,MCKELLEN,CADDYSHACK JEDI,1,TOM MCKELLEN,38,111
TOM,MCKELLEN,CLUB GRAFFITI,2,TOM MCKELLEN,38,160
TOM,MCKELLEN,CONGENIALITY QUEST,15,TOM MCKELLEN,38,176
TOM,MCKELLEN,DESIRE ALIEN,2,TOM MCKELLEN,38,223
TOM,MCKELLEN,DONNIE ALLEY,2,TOM MCKELLEN,38,241
TOM,MCKELLEN,EGG IGBY,6,TOM MCKELLEN,38,274
TOM,MCKELLEN,FREEDOM CLEOPATRA,5,TOM MCKELLEN,38,335
TOM,MCKELLEN,FRISCO FORREST,14,TOM MCKELLEN,38,338
TOM,MCKELLEN,GENTLEMEN STAGE,9,TOM MCKELLEN,38,353
TOM,MCKELLEN,IDAHO LOVE,13,TOM MCKELLEN,38,448
TOM,MCKELLEN,IDOLS SNATCHERS,3,TOM MCKELLEN,38,450
TOM,MCKELLEN,INDIAN LOVE,8,TOM MCKELLEN,38,458
TOM,MCKELLEN,KISSING DOLLS,1,TOM MCKELLEN,38,501
TOM,MCKELLEN,LEGEND JEDI,12,TOM MCKELLEN,38,516
TOM,MCKELLEN,MAGIC MALLRATS,3,TOM MCKELLEN,38,547
TOM,MCKELLEN,MISSION ZOOLANDER,2,TOM MCKELLEN,38,583
TOM,MCKELLEN,NECKLACE OUTBREAK,7,TOM MCKELLEN,38,618
TOM,MCKELLEN,NEIGHBORS CHARADE,15,TOM MCKELLEN,38,619
TOM,MCKELLEN,PURPLE MOVIE,9,TOM MCKELLEN,38,705
TOM,MCKELLEN,SHRUNK DIVINE,1,TOM MCKELLEN,38,793
TOM,MCKELLEN,SPICE SORORITY,7,TOM MCKELLEN,38,827
TOM,MCKELLEN,STALLION SUNDANCE,14,TOM MCKELLEN,38,839
TOM,MCKELLEN,STRANGER STRANGERS,3,TOM MCKELLEN,38,853
TOM,MCKELLEN,TARZAN VIDEOTAPE,11,TOM MCKELLEN,38,876
GOLDIE,BRODY,BILKO ANONYMOUS,8,GOLDIE BRODY,39,71
GOLDIE,BRODY,BINGO TALENTED,14,GOLDIE BRODY,39,73
GOLDIE,BRODY,COMANCHEROS ENEMY,3,GOLDIE BRODY,39,168
GOLDIE,BRODY,DAISY MENAGERIE,14,GOLDIE BRODY,39,203
GOLDIE,BRODY,DESERT POSEIDON,11,GOLDIE BRODY,39,222
GOLDIE,BRODY,EVERYONE CRAFT,9,GOLDIE BRODY,39,290
GOLDIE,BRODY,EXORCIST STING,15,GOLDIE BRODY,39,293
